name,domain
MI_4PointStar,Surface
MI_4PointStar_2,Surface
MI_5PointStar_V2,Surface
MI_5pointStar,Surface
MI_7Seg,Surface
MI_BreakGlassTransition,PostProcess
MI_Caustic,Surface
MI_Checker,Surface
MI_Checker2,Surface
MI_CherryBloosom,Surface
MI_CherryBlossom_V2,Surface
MI_Circle,Surface
MI_CircleGauge,Surface
MI_Circle_AA,Surface
MI_CrossMark,Surface
MI_CrossMark_V2,Surface
MI_Dot_Fade,Surface
MI_ECG,Surface
MI_ExclamationMark,Surface
MI_Gear,Surface
MI_Ginkgo,Surface
MI_Grid,Surface
MI_Halftone_Transition,Surface
MI_Heart,Surface
MI_Hex,Surface
MI_HexTiling,Surface
MI_HexTiling_V3,Surface
MI_Hex_Fade,Surface
MI_Hex_Random_Fade,Surface
MI_Hex_Random_Noise,Surface
MI_Hex_Tiling_Dissolve,Surface
MI_Hex_V2,Surface
MI_JapaneseMapleLeaf,Surface
MI_Loading_Icon,Surface
MI_Loading_Icon_V3,UI
MI_Outline,Surface
MI_PP_SliceTransition,PostProcess
MI_PP_SpiralWipe,PostProcess
MI_PP_VortexDrainTransition,PostProcess
MI_Polygon,Surface
MI_Polygon_AA,Surface
MI_Posion,Surface
MI_Rader_Chart,UI
MI_Rect_Transtition,Surface
MI_Rectangle,Surface
MI_Rhombus,Surface
MI_Rhombus2,Surface
MI_Ring,Surface
MI_RoundedRectangle,Surface
MI_Sci-fi_Circle,Surface
MI_Sci-fi_Ring,Surface
MI_Sci-fi_Tunnel,Surface
MI_SnowFlake,Surface
MI_SnowFlake_V2,Surface
MI_SpeedLine,Surface
MI_Spiral,Surface
MI_Square,Surface
MI_Star,Surface
MI_Swirl_Transition,Surface
MI_Swirl_Transition_V2,Surface
MI_Transition_Square,Surface
MI_TriangleTiling,Surface
MI_Triangle_Animation,Surface
MI_Triangle_Tilling_Dissolve,Surface
MI_UI_ZZZ_HP_Gauge,Surface
MI_Warp_Effect,Surface
MI_YinYang,Surface
M_14Seg,Surface
M_2DLemon,UI
M_2D_Liquid,Surface
M_4PointStar,Surface
M_4PointStar2,Surface
M_5PointStar_V2,Surface
M_5pointStar,Surface
M_7Seg,Surface
M_BreakGlassTransition,PostProcess
M_Burn_Transition,Surface
M_Caustic,Surface
M_Checker,Surface
M_Checker2,Surface
M_CherryBloosom,Surface
M_CherryBlossom_V2,Surface
M_CinematicSnow,Surface
M_Circle,Surface
M_CircleGauge,Surface
M_Circle_AA,Surface
M_CrossMark,Surface
M_CrossMark_V2,Surface
M_Dot_Fade,Surface
M_ECG,Surface
M_ExclamationMark,Surface
M_Flare,Surface
M_Flare_V2,Surface
M_Flip_Transition,Surface
M_Gear,Surface
M_Ginkgo,Surface
M_Glitch,Surface
M_Grid,Surface
M_HalfTone_V2,Surface
M_Half_Tone_Transition,PostProcess
M_Halftone_Transition_V2,Surface
M_HazardMark,Surface
M_Heart,Surface
M_Heart_SDF,Surface
M_Hex,Surface
M_HexTiling,Surface
M_HexTiling_V3,Surface
M_Hex_Animation,Surface
M_Hex_Animation_V3,Surface
M_Hex_Animation_V4,Surface
M_Hex_Animatoin_V2,Surface
M_Hex_Dissolve,Surface
M_Hex_Fade1,Surface
M_Hex_Fade2,Surface
M_Hex_Fade_V3,Surface
M_Hex_Learning,Surface
M_Hex_Random_Fade,Surface
M_Hex_Random_Noise,Surface
M_Hex_Tiling_Dissolve,Surface
M_Hex_Tiling_Fade_V2,Surface
M_Hex_V2,Surface
M_JA3_Loading_Icon,Surface
M_JapaneseMapleLeaf,Surface
M_Loading_Icon,Surface
M_Loading_Icon_UI,UI
M_Loading_Icon_V2,Surface
M_Loading_Icon_V3,UI
M_Loading_Icon_V4,UI
M_OutLine_V2,Surface
M_Outline,Surface
M_PP_SpiralWipe,PostProcess
M_Page_Curl,Surface
M_Polygon,Surface
M_Polygon_AA,Surface
M_Potion,Surface
M_Pulse,Surface
M_Pulse_Animation,Surface
M_Radar_Icon,Surface
M_Rader_Chart,UI
M_Rader_Chart_BG,UI
M_Rader_Chart_Core,UI
M_Rainbow_Sample,Surface
M_Rainbow_Wave,Surface
M_Rect_Animation,Surface
M_Rect_Dissolve,Surface
M_Rect_Dissolve_V2,Surface
M_Rect_Dissolve_V3,Surface
M_Rect_Dissolve_V4,Surface
M_Rect_Dissolve_V5,Surface
M_Rect_Dissolve_V6,Surface
M_Rect_Transtition,Surface
M_Rectangle,Surface
M_Rectangle_Transition,Surface
M_Rhombus,Surface
M_Rhombus2,Surface
M_Ring,Surface
M_Ring_V2,Surface
M_RoundedRectangle,Surface
M_Sci-fi_Circle,Surface
M_Sci-fi_Ring,Surface
M_Sci-fi_Tunnel,Surface
M_Simple_Wave,Surface
M_Sine_Wave,Surface
M_SnowFlake,Surface
M_SnowFlake_V2,Surface
M_Soft_Rectangle_Dissolve,Surface
M_SpeedLine,Surface
M_Spiral,Surface
M_Square,Surface
M_Star,Surface
M_Star_Trail,Surface
M_Star_V2,Surface
M_Swirl_Transition,Surface
M_SwordSlash,PostProcess
M_Transition_Distortion,Surface
M_Transition_Ripple,Surface
M_Transition_Square,Surface
M_Transition_V6,Surface
M_Transition_Warp,Surface
M_Transition_Wave,Surface
M_Triangle,Surface
M_Triangle1,Surface
M_TriangleTiling,Surface
M_Triangle_Animation,Surface
M_Triangle_Animation_2,Surface
M_Triangle_Animation_3,Surface
M_Triangle_Dissolve_V2,Surface
M_Triangle_Dissolve_V3,Surface
M_Triangle_Motion,Surface
M_Triangle_Tilling_Dissolve,Surface
M_Tunnel,Surface
M_TunnelV2,Surface
M_UI_Battery1,UI
M_UI_ZZZ_HP_Gauge,Surface
M_Warp_Effect,Surface
M_Warp_Effect,Surface
M_Warp_Effect2,Surface
M_Warp_Effect3,Surface
M_Warp_Effect_UI,UI
M_YinYang1,Surface
M_YinYang2,Surface
M_Zoom_Blur_Transition,Surface
Mi_HazardMark,Surface
Mi_Hex_Fade2,Surface
PPI_Burn_Transition,PostProcess
PPI_Burn_Transition_V2,PostProcess
PPI_Flip_Transition,PostProcess
PPI_Flip_Transition,PostProcess
PPI_Flip_Transition_V2,PostProcess
PPI_HalfTone,PostProcess
PPI_Hex_Transition,PostProcess
PPI_NVG,PostProcess
PPI_NVG_V2,PostProcess
PPI_Old_TV,PostProcess
PPI_PageCurl,PostProcess
PPI_Transition_Ripple,PostProcess
PPI_Transition_Warp,PostProcess
PPI_Transtion_Flip_V2,PostProcess
PPI_Triangle_Transition,PostProcess
PPI_VHS,PostProcess
PPI_VHS_V2,PostProcess
PP_Burn_Transition,PostProcess
PP_Burn_Transition_V2,PostProcess
PP_Flip_Transition,PostProcess
PP_Glitch,PostProcess
PP_HalfTone,PostProcess
PP_Half_Tone,PostProcess
PP_Halftone_Color,PostProcess
PP_Halftone_Color,PostProcess
PP_Hex_Fade,PostProcess
PP_Hex_Transition,PostProcess
PP_Hex_Transition,PostProcess
PP_Hex_Transition_V2,PostProcess
PP_Hypnosis_Transition,PostProcess
PP_NVG,PostProcess
PP_NVG_V2,PostProcess
PP_Old_TV,PostProcess
PP_PageCurl,PostProcess
PP_Rect_Dissolve,PostProcess
PP_Rect_Transition,PostProcess
PP_ScanLine,PostProcess
PP_Scanning_System,PostProcess
PP_SliceTransition,PostProcess
PP_Slice_Transition,PostProcess
PP_SpeedLine,PostProcess
PP_SumiE_Param,PostProcess
PP_Transition,PostProcess
PP_Transition_Ripple,PostProcess
PP_Transition_Warp,PostProcess
PP_Transition_Warp_V2,PostProcess
PP_Transtion_Flip_V2,PostProcess
PP_Triangle_Transition,PostProcess
PP_Triangle_Transition_V2,PostProcess
PP_VHSV3,PostProcess
PP_VHS_V1,PostProcess
PP_VHS_V2,PostProcess
PP_VortexDrainTransition,PostProcess
